Timestamp,Which course are you currently enrolled in?,What motivated you to seek a computing class at CCM? [It’s a required class for the degree I’m seeking],What motivated you to seek a computing class at CCM? [To keep current in computing skills],What motivated you to seek a computing class at CCM? [Career Advancement],What motivated you to seek a computing class at CCM? [Career Change],What motivated you to seek a computing class at CCM? [Professional Development],What motivated you to seek a computing class at CCM? [Job Displacement],What motivated you to seek a computing class at CCM? [Relocation],What motivated you to seek a computing class at CCM? [IT Industry Certifications],What motivated you to seek a computing class at CCM? [Financial],What motivated you to seek a computing class at CCM? [Personal Enrichment],What motivated you to seek a computing class at CCM? [Curiosity],"Prior to applying to college, did you participate in any of the following events or activities at the County College of Morris and/or with the Department of Information Technologies, if at all? [Open House]","Prior to applying to college, did you participate in any of the following events or activities at the County College of Morris and/or with the Department of Information Technologies, if at all? [Instant Decision Day]","Prior to applying to college, did you participate in any of the following events or activities at the County College of Morris and/or with the Department of Information Technologies, if at all? [On-Campus Information Session]","Prior to applying to college, did you participate in any of the following events or activities at the County College of Morris and/or with the Department of Information Technologies, if at all? [TItan's Tuesday Virtual Information Session]","Prior to applying to college, did you participate in any of the following events or activities at the County College of Morris and/or with the Department of Information Technologies, if at all? [Women Who Dare]","Prior to applying to college, did you participate in any of the following events or activities at the County College of Morris and/or with the Department of Information Technologies, if at all? [Regional College Fair]",To what extent did the following activities or experience impact your decision to enroll in an computing course at CCM? [Middle/High school computing class],To what extent did the following activities or experience impact your decision to enroll in an computing course at CCM? [Middle/High school computing related club],"To what extent did the following activities or experience impact your decision to enroll in an computing course at CCM? [Computing-related competitions (e.g., Robotics competition, Lego competition, Cybersecurity, Programming)]",To what extent did the following activities or experience impact your decision to enroll in an computing course at CCM? [Afterschool computing-related camp/program],To what extent did the following activities or experience impact your decision to enroll in an computing course at CCM? [Summer computing related camp/program],To what extent did the following activities or experience impact your decision to enroll in an computing course at CCM? [An AP computing class],To what extent did the following activities or experience impact your decision to enroll in an computing course at CCM? [A dual enrollment computing class],To what extent did the following activities or experience impact your decision to enroll in an computing course at CCM? [Family or friend influence],To what extent did the following activities or experience impact your decision to enroll in an computing course at CCM? [Family or friend working in the computing field],To what extent did the following activities or experience impact your decision to enroll in an computing course at CCM? [High school teacher or guidance counselor],To what extent did the following activities or experience impact your decision to enroll in an computing course at CCM? [Employer influence],How did you hear about County College of Morris  [CCM Web site],How did you hear about County College of Morris  [Billboard],How did you hear about County College of Morris  [Television],How did you hear about County College of Morris  [Radio],How did you hear about County College of Morris  [Social Media],How did you hear about County College of Morris  [Community Event],How did you hear about County College of Morris  [Family member or friend],How did you hear about County College of Morris  [Employer],How did you hear about County College of Morris  [Current student],How did you hear about County College of Morris  [Alumni],How did you hear about County College of Morris  [High School],To what extent did the following impact your decision to attend County College of Morris? [Affordable cost],To what extent did the following impact your decision to attend County College of Morris? [Location/convenience],To what extent did the following impact your decision to attend County College of Morris? [Choice of programs],To what extent did the following impact your decision to attend County College of Morris? [Online offerings],To what extent did the following impact your decision to attend County College of Morris? [Family/friend referral],To what extent did the following impact your decision to attend County College of Morris? [Faculty/staff],To what extent did the following impact your decision to attend County College of Morris? [College reputation],To what extent did the following impact your decision to attend County College of Morris? [Scholarships],To what extent did the following impact your decision to attend County College of Morris? [Transfer student],To what extent did the following impact your decision to attend County College of Morris? [Small class sizes],To what extent did the following impact your decision to attend County College of Morris? [Extra curricula opportunities],What degree program are you currently enrolled in?,Did you receive information about our computing course from any of the following sources? [High school guidance counselor],Did you receive information about our computing course from any of the following sources? [CCM Information Technologies Website],Did you receive information about our computing course from any of the following sources? [CCM Admissions],Did you receive information about our computing course from any of the following sources? [CCM advisor/counselor],Did you receive information about our computing course from any of the following sources? [Employer],Did you receive information about our computing course from any of the following sources? [Other],"On a scale of 1 to 5, with 1 being not at all interested and 5 being extremely interested, how interested are you taking more courses in Computer Science, Information Technology or Game Development?","If you answered that you were interested in taking more computing classes, which ones interest you most? [Web Development]","If you answered that you were interested in taking more computing classes, which ones interest you most? [CyberSecurity]","If you answered that you were interested in taking more computing classes, which ones interest you most? [App Development]","If you answered that you were interested in taking more computing classes, which ones interest you most? [Data Analytics]","If you answered that you were interested in taking more computing classes, which ones interest you most? [Machine Learning/Artificial Intelligence]","If you answered that you were interested in taking more computing classes, which ones interest you most? [Computer Programming]","If you answered that you were interested in taking more computing classes, which ones interest you most? [Game Design]","If you answered that you were interested in taking more computing classes, which ones interest you most? [Hardware Installation & Repair]",Gender,Race/ethnicity,Age 
2024/09/10 10:47:35 AM AST,CMP 126 Computer Technology and Applications,No,Yes,Yes,Yes,Yes,No,No,No,Yes,Yes,Yes,Yes,Yes,No,No,No,Yes,No Impact,No Impact,High Impact,N/A,N/A,N/A,N/A,Some Impact,N/A,High Impact,N/A,No,No,No,No,No,Yes,Yes,No,Yes,Yes,Yes,High Impact,High Impact,High Impact,High Impact,High Impact,Some Impact,High Impact,High Impact,High Impact,No Impact,No Impact,Liberal Arts,Yes,Yes,Yes,Yes,No,Don't recall,2,Yes,Yes,No,No,No,No,No,No,Prefer not to say,Hispanic or Latino;Black/African American;White/Caucasian;Multi-Racial,19-20
2024/09/10 11:00:05 AM AST,CMP 126 Computer Technology and Applications,Yes,Yes,Yes,No,Yes,Yes,No,No,Yes,Yes,Yes,No,No,No,No,No,No,Some Impact,Some Impact,Some Impact,Some Impact,Some Impact,Some Impact,Some Impact,Some Impact,Some Impact,Some Impact,Some Impact,Yes,No,No,No,Yes,No,Yes,No,Yes,No,No,High Impact,High Impact,High Impact,High Impact,High Impact,High Impact,High Impact,High Impact,N/A,High Impact,High Impact,child psychology ,No,No,No,No,No,No,3,No,Yes,Yes,Yes,Yes,Yes,No,No,Woman,Hispanic or Latino,19-20
2024/09/10 11:02:51 AM AST,CMP 126 Computer Technology and Applications,Yes,Yes,Yes,Yes,Yes,Yes,Yes,No,Yes,No,No,Not Sure,Not Sure,Not Sure,Not Sure,Not Sure,Not Sure,N/A,N/A,No Impact,N/A,N/A,N/A,N/A,N/A,N/A,N/A,N/A,Yes,No,No,No,No,No,No,No,No,No,No,N/A,No Impact,No Impact,No Impact,No Impact,No Impact,No Impact,N/A,No Impact,No Impact,No Impact,Broadcasting Arts and Technology,Yes,Don't recall,Don't recall,Don't recall,Don't recall,Don't recall,5,Yes,No,Yes,No,Yes,Yes,Yes,Yes,Man,Choose not to reply,18 and younger
2024/09/10 11:05:25 AM AST,CMP 126 Computer Technology and Applications,No,Yes,No,No,No,No,No,No,No,No,No,Yes,No,No,No,No,No,No Impact,No Impact,No Impact,No Impact,No Impact,No Impact,No Impact,No Impact,No Impact,No Impact,No Impact,No,No,No,No,No,No,Yes,No,Yes,Yes,Yes,Some Impact,High Impact,Some Impact,No Impact,High Impact,Some Impact,No Impact,No Impact,No Impact,No Impact,No Impact,analyst,No,No,Don't recall,No,Yes,No,3,No,No,No,Yes,No,No,Yes,No,Man,Hispanic or Latino,19-20
2024/09/10 8:37:36 PM AST,CMP 101 Computer Information Literacy,Yes,Yes,Yes,No,Yes,No,No,No,No,Yes,Yes,No,No,No,No,No,No,Some Impact,No Impact,N/A,N/A,N/A,N/A,N/A,Some Impact,N/A,N/A,Some Impact,Yes,Yes,Yes,No,Yes,Yes,Yes,Yes,Yes,Yes,Yes,High Impact,High Impact,High Impact,High Impact,High Impact,High Impact,High Impact,High Impact,High Impact,High Impact,High Impact,Journalism,No,No,Yes,Yes,Don't recall,Don't recall,3,No,No,No,No,No,No,No,No,Woman,White/Caucasian,19-20
2024/09/10 9:29:27 PM AST,CMP 101 Computer Information Literacy,Yes,Yes,No,No,No,No,No,No,Yes,Yes,Yes,No,No,No,Yes,No,No,Some Impact,Some Impact,High Impact,High Impact,Some Impact,Some Impact,Some Impact,High Impact,Some Impact,Some Impact,High Impact,Yes,No,No,No,Yes,No,Yes,No,Yes,No,Yes,Some Impact,Some Impact,Some Impact,High Impact,High Impact,High Impact,High Impact,Some Impact,High Impact,No Impact,No Impact,Liberal Arts,Yes,Yes,No,Yes,No,No,3,Yes,No,Yes,No,No,No,Yes,No,Woman,White/Caucasian,19-20
2024/09/10 10:52:37 PM AST,CMP 101 Computer Information Literacy,No,Yes,Yes,No,Yes,No,No,No,No,Yes,Yes,Not Sure,No,Not Sure,No,No,No,No Impact,No Impact,No Impact,No Impact,No Impact,No Impact,No Impact,High Impact,Some Impact,No Impact,No Impact,No,No,No,No,No,No,Yes,No,No,No,Yes,Some Impact,Some Impact,High Impact,N/A,Some Impact,No Impact,No Impact,No Impact,No Impact,No Impact,No Impact,Early Childhood Education,No,No,No,No,No,Yes,3,No,No,No,No,No,No,Yes,No,Woman,Hispanic or Latino,19-20
2024/09/11 10:54:10 AM AST,CMP 101 Computer Information Literacy,Yes,Yes,Yes,No,Yes,No,No,No,No,No,No,No,No,No,No,No,No,No Impact,No Impact,No Impact,No Impact,No Impact,No Impact,No Impact,No Impact,No Impact,High Impact,Some Impact,Yes,No,No,No,No,No,Yes,No,Yes,No,No,Some Impact,No Impact,High Impact,No Impact,High Impact,No Impact,Some Impact,No Impact,No Impact,High Impact,No Impact,Nursing,No,No,No,Yes,No,No,3,No,No,No,No,No,No,No,No,Woman,Hispanic or Latino;Black/African American,18 and younger
2024/09/11 12:40:52 PM AST,CMP 126 Computer Technology and Applications,Yes,No,No,No,No,No,No,No,No,No,No,No,No,No,No,No,No,No Impact,No Impact,No Impact,No Impact,No Impact,No Impact,No Impact,No Impact,No Impact,No Impact,No Impact,No,No,No,No,No,Yes,Yes,No,Yes,Yes,Yes,High Impact,High Impact,High Impact,Some Impact,High Impact,No Impact,High Impact,No Impact,No Impact,No Impact,No Impact,Liberal Arts,No,No,No,Yes,No,No,2,No,No,No,Yes,No,No,No,Yes,Woman,White/Caucasian,19-20
2024/09/11 7:06:45 PM AST,CMP 101 Computer Information Literacy,Yes,No,No,No,No,No,No,No,No,No,No,No,No,No,No,No,No,No Impact,No Impact,No Impact,No Impact,No Impact,No Impact,No Impact,No Impact,No Impact,No Impact,No Impact,No,No,No,No,No,No,No,No,No,No,Yes,High Impact,Some Impact,No Impact,No Impact,No Impact,No Impact,Some Impact,No Impact,High Impact,No Impact,No Impact,Liberal Arts,No,No,No,No,No,No,1,No,No,No,No,No,No,No,No,Woman,White/Caucasian,19-20
2024/09/11 8:16:57 PM AST,CMP 101 Computer Information Literacy,Yes,Yes,Yes,No,No,No,No,No,No,No,No,No,No,No,No,No,No,No Impact,Some Impact,High Impact,High Impact,Some Impact,Some Impact,Some Impact,High Impact,Some Impact,Some Impact,Some Impact,Yes,No,No,No,No,No,Yes,No,No,No,No,High Impact,High Impact,High Impact,High Impact,No Impact,No Impact,High Impact,No Impact,No Impact,No Impact,No Impact,Nursing,No,No,No,No,No,No,2,Yes,No,Yes,No,No,Yes,No,No,Woman,Asian,25-34
2024/09/12 9:34:01 AM AST,CMP 135 Computer Concepts with Applications,Yes,Yes,No,No,Yes,No,No,No,No,No,No,No,No,Yes,No,No,No,No Impact,No Impact,No Impact,No Impact,No Impact,No Impact,No Impact,No Impact,No Impact,No Impact,No Impact,No,No,No,No,No,No,No,No,Yes,No,No,High Impact,High Impact,High Impact,No Impact,Some Impact,No Impact,Some Impact,No Impact,High Impact,High Impact,Some Impact,Radiography,No,No,Yes,No,No,No,2,No,No,No,No,No,No,No,No,Woman,Hispanic or Latino;White/Caucasian,21-24
2024/09/12 9:34:06 AM AST,CMP 135 Computer Concepts with Applications,Yes,Yes,No,No,Yes,No,No,No,No,No,No,No,No,Yes,No,No,No,No Impact,No Impact,No Impact,No Impact,No Impact,No Impact,No Impact,No Impact,No Impact,No Impact,No Impact,No,No,No,No,No,No,No,No,Yes,No,No,High Impact,High Impact,High Impact,No Impact,Some Impact,No Impact,Some Impact,No Impact,High Impact,High Impact,Some Impact,Radiography,No,No,Yes,No,No,No,2,No,No,No,No,No,No,No,No,Woman,Hispanic or Latino;White/Caucasian,21-24
2024/09/12 10:29:04 AM AST,CMP 135 Computer Concepts with Applications,Yes,Yes,Yes,No,Yes,No,No,No,No,No,No,No,No,Yes,Yes,No,No,Some Impact,Some Impact,No Impact,No Impact,No Impact,No Impact,No Impact,No Impact,No Impact,No Impact,No Impact,No,No,No,No,No,No,Yes,No,No,No,No,Some Impact,Some Impact,High Impact,High Impact,High Impact,Some Impact,Some Impact,Some Impact,High Impact,Some Impact,Some Impact,Radiography,Don't recall,No,No,No,No,No,1,No,No,No,No,No,No,No,No,Woman,White/Caucasian,21-24
2024/09/12 11:29:38 AM AST,CMP 135 Computer Concepts with Applications,Yes,No,Yes,No,Yes,No,No,No,No,No,No,No,No,No,No,No,No,No Impact,No Impact,No Impact,No Impact,No Impact,No Impact,No Impact,No Impact,No Impact,No Impact,No Impact,No,No,No,No,No,No,Yes,No,No,No,No,High Impact,High Impact,Some Impact,No Impact,No Impact,No Impact,Some Impact,No Impact,No Impact,Some Impact,Some Impact,Radiography,No,No,Yes,No,No,No,2,No,No,No,No,No,No,Yes,No,Non-binary,White/Caucasian,18 and younger
2024/09/12 11:30:15 AM AST,CMP 135 Computer Concepts with Applications,Yes,Yes,Yes,No,Yes,Yes,No,No,No,Yes,Yes,No,No,No,No,No,No,No Impact,No Impact,No Impact,No Impact,No Impact,No Impact,No Impact,Some Impact,Some Impact,No Impact,Some Impact,No,No,No,No,No,No,No,No,No,No,Yes,Some Impact,Some Impact,High Impact,Some Impact,No Impact,Some Impact,Some Impact,No Impact,No Impact,No Impact,No Impact,Exercise Science,No,No,Don't recall,Don't recall,No,No,2,No,No,No,No,Yes,No,No,No,Man,White/Caucasian,19-20
2024/09/12 11:30:18 AM AST,CMP 135 Computer Concepts with Applications,Yes,Yes,Yes,No,No,Yes,No,No,No,No,No,No,No,No,No,No,No,No Impact,No Impact,No Impact,No Impact,No Impact,No Impact,No Impact,High Impact,Some Impact,No Impact,No Impact,No,No,No,No,No,No,Yes,No,Yes,Yes,Yes,High Impact,No Impact,High Impact,No Impact,Some Impact,Some Impact,No Impact,No Impact,No Impact,No Impact,No Impact,Radiography,No,No,No,No,No,No,2,No,No,No,No,No,No,No,No,Woman,White/Caucasian,18 and younger
2024/09/12 11:30:21 AM AST,CMP 135 Computer Concepts with Applications,Yes,Yes,No,No,No,Yes,No,No,Yes,Yes,No,No,No,No,No,No,No,No Impact,No Impact,No Impact,No Impact,No Impact,No Impact,No Impact,No Impact,No Impact,No Impact,No Impact,No,No,No,No,Yes,No,Yes,Yes,Yes,Yes,Yes,High Impact,High Impact,Some Impact,No Impact,Some Impact,No Impact,High Impact,Some Impact,High Impact,No Impact,No Impact,Exercise Science,No,No,No,No,No,No,2,No,No,No,No,No,No,No,No,Man,White/Caucasian,18 and younger
2024/09/12 11:30:23 AM AST,CMP 135 Computer Concepts with Applications,Yes,Yes,Yes,Yes,Yes,No,No,No,No,No,No,No,No,Yes,No,No,No,No Impact,No Impact,No Impact,No Impact,No Impact,No Impact,No Impact,No Impact,No Impact,No Impact,No Impact,No,No,No,No,No,No,Yes,No,Yes,No,No,Some Impact,High Impact,High Impact,No Impact,High Impact,No Impact,Some Impact,No Impact,No Impact,No Impact,No Impact,Radiography,No,No,No,No,No,No,4,Yes,No,Yes,No,Yes,Yes,Yes,Yes,Woman,Hispanic or Latino,18 and younger
2024/09/12 11:30:37 AM AST,CMP 135 Computer Concepts with Applications,Yes,Yes,Yes,No,No,No,No,No,No,Yes,No,No,No,No,No,No,No,Some Impact,No Impact,No Impact,No Impact,No Impact,No Impact,No Impact,No Impact,No Impact,No Impact,No Impact,Yes,No,No,No,No,No,Yes,No,No,Yes,Yes,High Impact,High Impact,High Impact,No Impact,Some Impact,No Impact,Some Impact,High Impact,No Impact,No Impact,No Impact,Engineering Science,No,No,No,No,No,No,2,No,No,No,Yes,Yes,Yes,No,Yes,Man,Asian;Black/African American,19-20
2024/09/12 11:30:41 AM AST,CMP 135 Computer Concepts with Applications,Yes,No,No,No,No,No,No,No,No,No,No,Yes,No,No,Yes,No,No,No Impact,No Impact,No Impact,No Impact,No Impact,No Impact,No Impact,No Impact,No Impact,No Impact,No Impact,No,No,No,No,No,No,Yes,No,No,No,Yes,High Impact,High Impact,No Impact,No Impact,High Impact,No Impact,No Impact,No Impact,No Impact,No Impact,No Impact,Radiography,No,Yes,No,Yes,No,No,3,No,No,No,No,No,No,No,No,Woman,White/Caucasian,18 and younger
2024/09/12 11:30:44 AM AST,CMP 135 Computer Concepts with Applications,Yes,No,No,No,No,No,No,No,No,No,No,Yes,No,Yes,No,No,No,No Impact,No Impact,No Impact,No Impact,No Impact,No Impact,No Impact,High Impact,No Impact,No Impact,No Impact,No,No,No,No,No,No,Yes,No,No,No,No,High Impact,No Impact,High Impact,No Impact,No Impact,No Impact,No Impact,High Impact,No Impact,No Impact,No Impact,Engineering Science,No,No,No,No,No,No,2,No,No,No,No,No,No,No,No,Man,Asian;White/Caucasian,19-20
2024/09/12 11:30:59 AM AST,CMP 135 Computer Concepts with Applications,Yes,Yes,No,No,Yes,No,No,No,No,No,No,No,No,No,No,No,No,No Impact,No Impact,No Impact,No Impact,No Impact,No Impact,No Impact,No Impact,No Impact,No Impact,No Impact,No,No,No,No,No,No,No,No,No,No,Yes,High Impact,High Impact,High Impact,No Impact,No Impact,No Impact,High Impact,No Impact,No Impact,Some Impact,No Impact,Radiography,No,No,No,No,No,No,2,No,No,No,No,No,No,No,No,Man,White/Caucasian,25-34
2024/09/12 11:31:09 AM AST,CMP 101 Computer Information Literacy,Yes,Yes,Yes,No,Yes,No,No,No,Yes,Yes,Yes,No,No,No,No,No,No,No Impact,No Impact,No Impact,No Impact,No Impact,No Impact,No Impact,No Impact,No Impact,No Impact,No Impact,No,No,No,No,No,No,Yes,No,No,No,No,High Impact,High Impact,High Impact,No Impact,High Impact,No Impact,No Impact,No Impact,No Impact,No Impact,No Impact,Radiography,No,No,No,No,No,No,3,No,Yes,No,No,No,No,No,No,Man,Hispanic or Latino,25-34
2024/09/12 11:31:20 AM AST,CMP 135 Computer Concepts with Applications,Yes,Yes,Yes,No,Yes,No,No,No,No,No,Yes,No,No,No,No,No,No,Some Impact,N/A,High Impact,N/A,N/A,N/A,Some Impact,N/A,N/A,N/A,N/A,Yes,No,No,No,No,No,No,No,Yes,No,Yes,Some Impact,Some Impact,High Impact,High Impact,No Impact,N/A,N/A,N/A,Some Impact,N/A,N/A,Radiography,Yes,Don't recall,Don't recall,Don't recall,Don't recall,Don't recall,5,Yes,Yes,No,Yes,No,Yes,No,Yes,Woman,Hispanic or Latino,19-20
2024/09/12 11:31:27 AM AST,CMP 135 Computer Concepts with Applications,Yes,Yes,Yes,No,No,No,No,No,No,Yes,Yes,Yes,No,Not Sure,No,No,No,No Impact,No Impact,No Impact,No Impact,No Impact,No Impact,No Impact,No Impact,No Impact,No Impact,Some Impact,No,No,No,No,No,No,Yes,No,No,No,No,High Impact,Some Impact,High Impact,No Impact,Some Impact,Some Impact,No Impact,No Impact,No Impact,No Impact,No Impact,Music Technology,No,No,Don't recall,Don't recall,Yes,No,2,No,No,No,No,No,No,Yes,No,Man,Hispanic or Latino;White/Caucasian,18 and younger
2024/09/12 11:31:56 AM AST,CMP 135 Computer Concepts with Applications,Yes,No,No,No,Yes,No,No,No,No,Yes,No,No,No,No,No,No,No,No Impact,No Impact,No Impact,No Impact,No Impact,No Impact,No Impact,No Impact,No Impact,No Impact,No Impact,No,No,No,No,No,No,Yes,No,Yes,Yes,Yes,High Impact,Some Impact,High Impact,No Impact,Some Impact,No Impact,Some Impact,Some Impact,No Impact,Some Impact,No Impact,Nursing,No,No,Yes,No,No,No,2,Yes,Yes,Yes,No,No,No,Yes,No,Woman,White/Caucasian,19-20
2024/09/12 11:32:08 AM AST,CMP 135 Computer Concepts with Applications,Yes,Yes,Yes,No,Yes,No,No,No,Yes,Yes,Yes,Yes,No,Yes,No,No,No,No Impact,No Impact,No Impact,No Impact,No Impact,No Impact,No Impact,No Impact,No Impact,No Impact,No Impact,No,No,No,No,No,No,No,No,Yes,Yes,Yes,High Impact,High Impact,Some Impact,No Impact,Some Impact,Some Impact,Some Impact,Some Impact,No Impact,Some Impact,No Impact,Engineering Science,No,No,No,No,No,No,2,No,No,No,No,No,Yes,No,No,Man,White/Caucasian,19-20
2024/09/12 11:32:22 AM AST,CMP 135 Computer Concepts with Applications,Yes,Yes,Yes,Yes,Yes,No,Yes,No,Yes,Yes,Yes,No,No,Yes,No,No,No,No Impact,No Impact,No Impact,No Impact,No Impact,No Impact,No Impact,Some Impact,No Impact,No Impact,No Impact,Yes,No,No,No,No,No,Yes,No,Yes,No,Yes,High Impact,Some Impact,High Impact,High Impact,High Impact,No Impact,Some Impact,Some Impact,High Impact,High Impact,High Impact,Radiography,No,Yes,Yes,Yes,No,No,3,Yes,Yes,Yes,No,Yes,Yes,Yes,Yes,Man,Asian;White/Caucasian,25-34
2024/09/12 11:32:31 AM AST,CMP 135 Computer Concepts with Applications,Yes,Yes,Yes,No,Yes,No,No,No,No,Yes,Yes,No,No,No,Yes,No,No,Some Impact,Some Impact,No Impact,No Impact,No Impact,No Impact,No Impact,No Impact,No Impact,No Impact,No Impact,No,Yes,No,No,No,No,Yes,No,Yes,No,Yes,High Impact,High Impact,High Impact,High Impact,No Impact,Some Impact,Some Impact,Some Impact,No Impact,Some Impact,Some Impact,Radiography,No,No,Yes,Yes,No,No,2,No,No,No,Yes,No,No,No,No,Woman,Hispanic or Latino,21-24
2024/09/12 11:32:42 AM AST,CMP 135 Computer Concepts with Applications,Yes,Yes,No,No,Yes,Yes,No,No,No,No,No,No,No,No,No,No,Not Sure,Some Impact,No Impact,No Impact,No Impact,No Impact,No Impact,No Impact,Some Impact,Some Impact,No Impact,Some Impact,No,No,No,No,Yes,No,Yes,Yes,Yes,No,No,N/A,High Impact,No Impact,Some Impact,High Impact,No Impact,No Impact,High Impact,No Impact,No Impact,No Impact,Radiography,No,Yes,Yes,Yes,No,No,2,No,No,No,No,No,No,No,No,Woman,Hispanic or Latino,21-24
2024/09/12 11:32:44 AM AST,CMP 135 Computer Concepts with Applications,Yes,No,Yes,No,Yes,No,No,No,No,Yes,Yes,No,No,No,No,No,No,No Impact,N/A,Some Impact,N/A,N/A,N/A,N/A,Some Impact,Some Impact,Some Impact,Some Impact,Yes,No,No,No,Yes,No,Yes,Yes,Yes,No,Yes,High Impact,Some Impact,High Impact,No Impact,Some Impact,No Impact,Some Impact,No Impact,No Impact,No Impact,Some Impact,Radiography,No,No,No,No,Yes,Yes,4,No,Yes,No,Yes,No,No,Yes,No,Woman,Hispanic or Latino;White/Caucasian,18 and younger
2024/09/12 11:33:25 AM AST,CMP 135 Computer Concepts with Applications,Yes,Yes,Yes,No,Yes,No,No,No,Yes,Yes,Yes,Yes,No,Yes,No,No,No,Some Impact,High Impact,Some Impact,No Impact,No Impact,No Impact,No Impact,Some Impact,Some Impact,Some Impact,No Impact,Yes,No,No,No,Yes,Yes,Yes,No,No,No,Yes,High Impact,Some Impact,High Impact,Some Impact,High Impact,No Impact,No Impact,No Impact,No Impact,Some Impact,No Impact,Radiography,No,No,No,No,No,No,1,Yes,No,Yes,No,Yes,No,Yes,No,Woman,American Indian/Native American/Alaska Native;White/Caucasian,18 and younger
2024/09/12 12:41:01 PM AST,CMP 101 Computer Information Literacy,Yes,Yes,Yes,Yes,Yes,Yes,No,No,Yes,No,Yes,No,No,Not Sure,No,No,No,No Impact,No Impact,No Impact,No Impact,No Impact,No Impact,No Impact,High Impact,High Impact,High Impact,High Impact,No,No,No,No,No,No,Yes,Yes,No,No,No,High Impact,No Impact,Some Impact,No Impact,High Impact,High Impact,High Impact,High Impact,No Impact,Some Impact,High Impact,Liberal Arts,No,No,No,No,Yes,No,3,No,Yes,No,Yes,No,No,No,Yes,Man,White/Caucasian,35-64
2024/09/12 3:57:02 PM AST,CMP 101 Computer Information Literacy,No,Yes,Yes,No,Yes,No,No,No,No,Yes,Yes,No,No,No,No,No,No,No Impact,No Impact,No Impact,No Impact,No Impact,No Impact,No Impact,High Impact,Some Impact,No Impact,High Impact,No,No,No,No,No,No,Yes,No,Yes,No,No,High Impact,No Impact,High Impact,High Impact,High Impact,No Impact,Some Impact,No Impact,No Impact,High Impact,No Impact,"Nursing, but not at CCM - I am a visiting student ",No,Yes,No,No,No,Yes,1,No,Yes,No,No,No,No,No,No,Woman,Hispanic or Latino;White/Caucasian;Multi-Racial,21-24
2024/09/12 8:04:41 PM AST,CMP 135 Computer Concepts with Applications,Yes,Yes,Yes,Yes,Yes,Yes,Yes,No,Yes,Yes,Yes,No,No,No,No,No,No,Some Impact,No Impact,No Impact,No Impact,No Impact,No Impact,No Impact,No Impact,No Impact,No Impact,High Impact,Yes,No,No,No,No,No,Yes,Yes,No,Yes,Yes,High Impact,High Impact,High Impact,No Impact,No Impact,No Impact,No Impact,High Impact,No Impact,No Impact,No Impact,Radiography,No,No,No,No,Yes,No,1,No,No,No,No,No,No,No,No,Man,White/Caucasian,19-20
2024/09/12 8:04:45 PM AST,CMP 135 Computer Concepts with Applications,Yes,Yes,Yes,Yes,Yes,No,No,No,Yes,Yes,Yes,No,No,No,No,No,No,No Impact,No Impact,No Impact,No Impact,No Impact,No Impact,No Impact,No Impact,No Impact,No Impact,No Impact,Yes,No,No,No,No,No,Yes,No,No,Yes,Yes,Some Impact,High Impact,High Impact,No Impact,Some Impact,Some Impact,Some Impact,No Impact,High Impact,No Impact,No Impact,Radiography,No,No,Yes,Yes,No,No,3,Yes,No,Yes,No,No,No,No,No,Man,Black/African American,21-24
2024/09/12 8:04:48 PM AST,CMP 135 Computer Concepts with Applications,Yes,No,No,No,No,No,No,No,No,No,No,No,No,No,No,No,No,No Impact,No Impact,No Impact,No Impact,No Impact,No Impact,No Impact,No Impact,No Impact,No Impact,No Impact,No,No,No,No,No,No,No,No,No,No,Yes,N/A,N/A,N/A,N/A,N/A,N/A,N/A,N/A,N/A,N/A,N/A,Liberal Arts,No,Yes,No,No,No,No,1,No,No,No,No,No,No,No,No,Man,White/Caucasian,19-20
2024/09/12 8:04:56 PM AST,CMP 135 Computer Concepts with Applications,No,Yes,Yes,No,Yes,No,No,No,Yes,Yes,Yes,No,No,No,No,No,No,Some Impact,No Impact,Some Impact,Some Impact,High Impact,No Impact,No Impact,Some Impact,No Impact,No Impact,No Impact,Yes,No,No,No,No,No,Yes,No,Yes,No,Yes,High Impact,High Impact,Some Impact,Some Impact,High Impact,No Impact,Some Impact,High Impact,Some Impact,High Impact,No Impact,Psychology,No,No,No,No,No,No,3,No,Yes,No,No,No,No,No,No,Woman,White/Caucasian,19-20
2024/09/12 8:05:15 PM AST,CMP 135 Computer Concepts with Applications,Yes,No,No,Yes,Yes,Yes,No,No,Yes,Yes,No,No,No,No,No,No,No,No Impact,No Impact,No Impact,No Impact,No Impact,No Impact,No Impact,No Impact,No Impact,No Impact,No Impact,No,No,No,No,No,No,No,No,No,No,Yes,High Impact,High Impact,High Impact,High Impact,No Impact,No Impact,No Impact,No Impact,No Impact,No Impact,No Impact,Radiography,No,No,No,No,No,No,2,No,No,No,No,Yes,No,No,No,Woman,Hispanic or Latino,19-20
2024/09/12 8:05:28 PM AST,CMP 135 Computer Concepts with Applications,Yes,Yes,Yes,No,Yes,Yes,Yes,No,No,Yes,Yes,No,No,No,No,No,No,No Impact,Some Impact,No Impact,No Impact,No Impact,No Impact,No Impact,Some Impact,High Impact,No Impact,High Impact,Yes,No,No,No,Yes,Yes,Yes,No,No,No,Yes,High Impact,High Impact,High Impact,No Impact,No Impact,No Impact,No Impact,High Impact,No Impact,High Impact,High Impact,Nursing,No,Yes,Yes,No,No,No,5,Yes,No,No,No,Yes,Yes,No,No,Woman,Hispanic or Latino,21-24
2024/09/12 8:05:31 PM AST,CMP 135 Computer Concepts with Applications,Yes,Yes,No,No,Yes,No,No,No,No,No,No,No,No,No,No,No,No,N/A,N/A,N/A,N/A,N/A,N/A,N/A,High Impact,High Impact,N/A,N/A,Yes,No,No,No,Yes,No,Yes,No,Yes,Yes,Yes,Some Impact,High Impact,High Impact,No Impact,High Impact,N/A,Some Impact,N/A,N/A,Some Impact,No Impact,Radiography,No,No,Yes,No,No,No,5,No,Yes,No,No,Yes,No,Yes,No,Woman,Hispanic or Latino;Asian;White/Caucasian,18 and younger
2024/09/12 8:05:34 PM AST,CMP 135 Computer Concepts with Applications,Yes,No,No,No,Yes,No,No,No,No,No,Yes,Yes,Yes,Yes,No,No,No,No Impact,No Impact,No Impact,No Impact,No Impact,No Impact,No Impact,Some Impact,No Impact,No Impact,No Impact,Yes,No,No,No,Yes,Yes,Yes,No,Yes,No,Yes,High Impact,High Impact,High Impact,High Impact,High Impact,No Impact,Some Impact,High Impact,No Impact,High Impact,High Impact,Criminal Justice,No,No,No,No,No,No,1,No,No,No,No,No,No,No,No,Woman,Black/African American,19-20
2024/09/12 8:05:42 PM AST,CMP 135 Computer Concepts with Applications,Yes,Yes,Yes,No,Yes,No,No,No,No,No,No,No,No,No,No,No,No,No Impact,No Impact,No Impact,No Impact,No Impact,No Impact,Some Impact,Some Impact,No Impact,Some Impact,No Impact,No,No,No,No,No,No,Yes,No,Yes,No,Yes,Some Impact,High Impact,Some Impact,No Impact,Some Impact,No Impact,No Impact,No Impact,No Impact,No Impact,No Impact,Not in a degree program,Yes,No,No,Yes,No,No,1,No,No,No,No,No,No,No,No,Woman,Hispanic or Latino,18 and younger
2024/09/12 8:05:49 PM AST,CMP 135 Computer Concepts with Applications,Yes,Yes,Yes,Yes,Yes,No,No,No,No,Yes,Yes,No,No,No,No,No,No,No Impact,No Impact,No Impact,No Impact,No Impact,No Impact,No Impact,No Impact,No Impact,No Impact,No Impact,Yes,No,No,No,No,No,No,No,No,No,No,No Impact,Some Impact,High Impact,Some Impact,No Impact,No Impact,Some Impact,Some Impact,Some Impact,Some Impact,N/A,Radiography,No,No,No,No,No,No,5,Yes,Yes,Yes,Yes,Yes,Yes,Yes,Yes,Woman,Choose not to reply,25-34
2024/09/12 8:06:05 PM AST,CMP 135 Computer Concepts with Applications,Yes,Yes,Yes,No,Yes,No,No,No,No,Yes,Yes,No,No,No,No,No,No,Some Impact,Some Impact,N/A,N/A,N/A,N/A,N/A,N/A,N/A,N/A,High Impact,No,No,No,No,No,No,Yes,No,No,No,No,High Impact,High Impact,High Impact,High Impact,N/A,N/A,High Impact,High Impact,N/A,High Impact,N/A,Exercise Science,No,No,No,Yes,No,No,3,Yes,No,Yes,Yes,Yes,Yes,No,No,Woman,Hispanic or Latino,21-24
2024/09/12 8:06:11 PM AST,CMP 135 Computer Concepts with Applications,Yes,Yes,Yes,Yes,Yes,No,No,No,No,No,No,No,No,No,No,No,No,Some Impact,Some Impact,N/A,N/A,N/A,N/A,N/A,N/A,N/A,N/A,N/A,No,No,No,No,No,No,Yes,No,Yes,No,No,High Impact,High Impact,High Impact,High Impact,High Impact,N/A,N/A,No Impact,High Impact,Some Impact,Some Impact,Exercise Science,Don't recall,Don't recall,Don't recall,Don't recall,Don't recall,Don't recall,3,No,No,No,No,No,No,No,No,Woman,Hispanic or Latino,21-24
2024/09/12 8:06:14 PM AST,CMP 101 Computer Information Literacy,Yes,Yes,Yes,No,Yes,No,No,No,Yes,Yes,Yes,No,No,No,No,No,No,High Impact,No Impact,No Impact,No Impact,No Impact,No Impact,No Impact,High Impact,High Impact,No Impact,No Impact,No,No,No,No,Yes,Yes,Yes,No,Yes,Yes,Yes,High Impact,High Impact,High Impact,Some Impact,High Impact,Some Impact,High Impact,Some Impact,High Impact,Some Impact,N/A,Criminal Justice,No,No,No,Yes,No,No,3,No,Yes,Yes,No,No,No,Yes,No,Man,White/Caucasian,19-20
2024/09/12 8:06:56 PM AST,CMP 135 Computer Concepts with Applications,Yes,Yes,Yes,No,Yes,No,No,No,No,No,Yes,No,No,No,No,No,No,High Impact,High Impact,Some Impact,High Impact,No Impact,No Impact,No Impact,High Impact,Some Impact,High Impact,No Impact,No,No,No,No,No,No,Yes,No,No,Yes,No,High Impact,High Impact,High Impact,No Impact,High Impact,High Impact,High Impact,No Impact,No Impact,High Impact,High Impact,Radiography,No,Yes,No,Yes,No,No,4,No,No,No,No,Yes,No,Yes,No,Woman,White/Caucasian,19-20
2024/09/12 8:08:51 PM AST,CMP 135 Computer Concepts with Applications,Yes,Yes,Yes,No,Yes,No,No,No,No,No,No,No,No,No,No,No,No,No Impact,No Impact,No Impact,No Impact,No Impact,No Impact,No Impact,No Impact,No Impact,No Impact,No Impact,No,No,No,No,No,No,No,Yes,No,No,No,Some Impact,Some Impact,High Impact,Some Impact,No Impact,No Impact,No Impact,No Impact,No Impact,No Impact,No Impact,Radiography,No,No,No,No,No,No,1,No,No,No,No,No,No,No,No,Man,Hispanic or Latino,19-20
2024/09/12 8:15:35 PM AST,CMP 101 Computer Information Literacy,Yes,Yes,Yes,Yes,Yes,Yes,No,No,No,Yes,Yes,Yes,Not Sure,Yes,No,Not Sure,No,High Impact,N/A,No Impact,No Impact,No Impact,No Impact,No Impact,Some Impact,No Impact,No Impact,No Impact,Yes,No,No,No,Yes,Yes,Yes,Yes,No,No,Yes,High Impact,High Impact,High Impact,High Impact,N/A,N/A,N/A,High Impact,No Impact,No Impact,High Impact,Biology,No,Yes,Yes,Yes,No,No,4,Yes,Yes,Yes,Yes,Yes,Yes,Yes,Yes,Woman,Hispanic or Latino,19-20
2024/09/14 9:28:21 PM AST,CMP 135 Computer Concepts with Applications,Yes,Yes,No,No,Yes,No,No,No,No,Yes,Yes,Yes,No,Yes,No,No,No,No Impact,No Impact,No Impact,No Impact,No Impact,No Impact,No Impact,No Impact,No Impact,No Impact,No Impact,Yes,No,No,No,No,Yes,No,No,No,No,No,High Impact,High Impact,High Impact,High Impact,No Impact,Some Impact,Some Impact,No Impact,No Impact,Some Impact,Some Impact,Radiography,No,No,Yes,Yes,No,No,5,No,Yes,No,Yes,Yes,Yes,Yes,Yes,Woman,Hispanic or Latino,25-34
2024/09/15 2:58:37 PM AST,CMP 126 Computer Technology and Applications,Yes,Yes,Yes,No,Yes,No,No,No,No,No,No,No,No,No,No,No,No,No Impact,No Impact,No Impact,No Impact,No Impact,No Impact,No Impact,No Impact,No Impact,No Impact,No Impact,No,No,No,No,No,No,Yes,No,No,No,No,High Impact,High Impact,High Impact,High Impact,High Impact,High Impact,High Impact,High Impact,High Impact,High Impact,High Impact,Criminal Justice,No,No,Yes,Yes,No,No,3,No,Yes,Yes,No,No,Yes,Yes,Yes,Man,Black/African American,19-20
2024/09/16 12:12:48 PM AST,CMP 101 Computer Information Literacy,Yes,No,No,No,Yes,No,No,No,No,No,No,No,No,No,No,No,No,Some Impact,Some Impact,Some Impact,Some Impact,Some Impact,Some Impact,Some Impact,Some Impact,Some Impact,Some Impact,Some Impact,No,No,No,No,No,No,No,Yes,No,Yes,No,High Impact,High Impact,High Impact,No Impact,No Impact,High Impact,High Impact,High Impact,No Impact,Some Impact,High Impact,Liberal Arts,No,No,No,No,No,No,3,No,No,No,No,No,No,No,No,Man,White/Caucasian,35-64
2024/09/16 12:33:11 PM AST,CMP 126 Computer Technology and Applications,Yes,Yes,No,No,Yes,No,No,No,No,Yes,No,Not Sure,No,Yes,Yes,No,No,Some Impact,No Impact,No Impact,No Impact,No Impact,No Impact,No Impact,Some Impact,No Impact,No Impact,No Impact,No,No,No,No,No,No,No,No,No,Yes,Yes,High Impact,High Impact,Some Impact,No Impact,Some Impact,No Impact,Some Impact,No Impact,No Impact,No Impact,No Impact,Broadcasting Arts and Technology,No,No,No,Yes,No,No,2,No,No,No,Yes,No,No,No,Yes,Woman,White/Caucasian,19-20
2024/09/16 4:07:09 PM AST,CMP 101 Computer Information Literacy,No,Yes,No,No,No,No,No,No,No,Yes,Yes,No,No,No,No,No,No,No Impact,No Impact,No Impact,No Impact,No Impact,No Impact,No Impact,No Impact,No Impact,No Impact,No Impact,Yes,No,No,No,No,No,No,No,No,No,No,High Impact,High Impact,No Impact,High Impact,No Impact,No Impact,No Impact,No Impact,High Impact,No Impact,No Impact,Liberal Arts,No,No,No,No,No,No,1,No,No,No,No,No,No,No,No,Woman,White/Caucasian,25-34
2024/09/16 10:12:54 PM AST,CMP 101 Computer Information Literacy,Yes,Yes,Yes,No,Yes,No,No,No,No,Yes,Yes,No,No,No,No,No,No,Some Impact,N/A,Some Impact,N/A,Some Impact,N/A,N/A,High Impact,High Impact,Some Impact,Some Impact,Yes,Yes,No,No,Yes,Yes,Yes,Yes,No,No,Yes,High Impact,High Impact,High Impact,High Impact,High Impact,Some Impact,High Impact,Some Impact,Some Impact,High Impact,Some Impact,Not in a degree program,Yes,No,No,No,No,No,3,No,No,Yes,No,Yes,No,Yes,No,Woman,Hispanic or Latino,18 and younger
2024/09/17 7:53:12 AM AST,CMP 126 Computer Technology and Applications,Yes,Yes,No,No,Yes,Yes,No,No,Yes,Yes,Yes,No,No,No,No,No,No,Some Impact,No Impact,No Impact,No Impact,No Impact,No Impact,No Impact,Some Impact,No Impact,No Impact,Some Impact,No,No,No,No,No,No,Yes,No,Yes,Yes,Yes,High Impact,Some Impact,High Impact,High Impact,High Impact,No Impact,High Impact,No Impact,No Impact,No Impact,No Impact,Criminal Justice,No,Yes,Yes,No,No,No,4,No,Yes,Yes,Yes,Yes,Yes,Yes,Yes,Man,White/Caucasian,19-20
2024/09/18 12:06:47 PM AST,CMP 126 Computer Technology and Applications,Yes,Yes,Yes,Yes,Yes,Yes,Yes,No,No,No,Yes,Yes,No,No,Not Sure,Not Sure,Not Sure,High Impact,No Impact,High Impact,No Impact,No Impact,No Impact,No Impact,High Impact,High Impact,N/A,N/A,Yes,Yes,No,No,Yes,No,Yes,No,No,No,Yes,Some Impact,High Impact,High Impact,Some Impact,No Impact,Some Impact,High Impact,No Impact,N/A,Some Impact,High Impact,Culinary Arts and Sciences,Don't recall,Yes,Yes,Yes,No,No,3,No,Yes,Yes,No,Yes,Yes,Yes,No,Man,Asian,21-24
2024/09/18 2:57:56 PM AST,CMP 135 Computer Concepts with Applications,Yes,Yes,No,No,Yes,No,No,No,No,No,No,Not Sure,No,No,No,No,No,High Impact,N/A,N/A,N/A,N/A,High Impact,N/A,Some Impact,N/A,N/A,N/A,No,Yes,No,No,No,No,Yes,No,No,No,Yes,High Impact,High Impact,High Impact,No Impact,No Impact,No Impact,Some Impact,High Impact,No Impact,Some Impact,No Impact,Radiography,No,No,No,No,No,No,2,Yes,Yes,Yes,Yes,No,Yes,No,No,Woman,Black/African American,19-20
2024/09/18 4:12:53 PM AST,CMP 101 Computer Information Literacy,Yes,Yes,Yes,No,Yes,Yes,Yes,No,Yes,Yes,Yes,No,No,No,No,No,No,Some Impact,Some Impact,No Impact,No Impact,No Impact,Some Impact,No Impact,Some Impact,No Impact,No Impact,Some Impact,No,No,No,No,Yes,No,Yes,Yes,Yes,No,No,High Impact,High Impact,High Impact,High Impact,High Impact,High Impact,High Impact,Some Impact,Some Impact,Some Impact,High Impact,Nursing,Don't recall,Don't recall,Yes,Yes,Don't recall,Don't recall,3,Yes,Yes,Yes,Yes,Yes,Yes,No,No,Woman,Hispanic or Latino,21-24
2024/09/19 9:12:47 AM AST,CMP 126 Computer Technology and Applications,Yes,No,No,No,No,No,No,No,No,No,No,No,No,No,No,No,No,No Impact,No Impact,No Impact,No Impact,No Impact,No Impact,No Impact,No Impact,No Impact,No Impact,No Impact,No,No,No,No,No,No,No,No,Yes,No,No,High Impact,High Impact,High Impact,Some Impact,No Impact,No Impact,High Impact,No Impact,No Impact,Some Impact,No Impact,Broadcasting Arts and Technology,No,No,No,No,No,No,1,No,No,No,No,No,No,No,No,Prefer not to say,White/Caucasian,19-20
2024/09/19 9:15:33 AM AST,CMP 126 Computer Technology and Applications,Yes,Yes,Yes,No,No,No,No,No,No,No,No,Yes,No,No,No,No,No,Some Impact,No Impact,No Impact,No Impact,No Impact,No Impact,No Impact,No Impact,No Impact,No Impact,No Impact,No,No,No,No,No,No,Yes,No,Yes,Yes,Yes,High Impact,High Impact,No Impact,No Impact,High Impact,High Impact,No Impact,Some Impact,Some Impact,High Impact,No Impact,Liberal Arts,Yes,Yes,No,No,No,No,1,No,No,No,No,No,No,No,No,Woman,Asian;White/Caucasian,19-20
2024/09/19 9:21:51 AM AST,CMP 135 Computer Concepts with Applications,Yes,Yes,No,No,Yes,No,No,No,No,Yes,Yes,No,No,No,No,No,No,Some Impact,No Impact,N/A,N/A,N/A,N/A,N/A,N/A,N/A,N/A,N/A,Yes,No,No,No,No,No,Yes,No,No,No,No,Some Impact,High Impact,High Impact,Some Impact,Some Impact,No Impact,No Impact,No Impact,Some Impact,Some Impact,No Impact,Radiography,No,No,Yes,No,No,No,2,No,No,No,No,No,No,No,No,Woman,Hispanic or Latino;White/Caucasian,25-34
2024/09/19 9:34:15 AM AST,CMP 126 Computer Technology and Applications,No,Yes,Yes,Yes,No,No,No,Yes,No,Yes,Yes,No,No,No,No,No,No,No Impact,No Impact,No Impact,No Impact,No Impact,No Impact,No Impact,No Impact,No Impact,No Impact,No Impact,No,No,No,No,No,No,Yes,No,Yes,No,No,High Impact,High Impact,No Impact,Some Impact,Some Impact,No Impact,No Impact,No Impact,High Impact,No Impact,No Impact,Liberal Arts,No,No,No,No,No,No,3,No,Yes,No,Yes,Yes,No,Yes,Yes,Man,Hispanic or Latino,25-34
2024/09/19 9:49:38 AM AST,CMP 135 Computer Concepts with Applications,Yes,Yes,Yes,No,Yes,Yes,No,No,No,Yes,No,Yes,Yes,Yes,No,No,Yes,No Impact,No Impact,No Impact,No Impact,No Impact,No Impact,No Impact,Some Impact,Some Impact,No Impact,High Impact,No,No,No,No,Yes,Yes,Yes,No,No,No,Yes,High Impact,High Impact,High Impact,High Impact,High Impact,High Impact,High Impact,No Impact,No Impact,Some Impact,High Impact,History Education,No,Yes,No,Yes,No,No,2,No,Yes,No,Yes,Yes,No,No,Yes,Man,White/Caucasian,19-20
2024/09/19 10:20:11 AM AST,CMP 126 Computer Technology and Applications,Yes,Yes,No,No,Yes,No,No,No,No,No,No,Yes,No,No,No,No,No,No Impact,No Impact,No Impact,No Impact,No Impact,No Impact,No Impact,No Impact,No Impact,No Impact,No Impact,No,Yes,No,No,Yes,No,Yes,No,Yes,No,Yes,High Impact,High Impact,Some Impact,No Impact,No Impact,No Impact,Some Impact,No Impact,No Impact,No Impact,No Impact,Not in a degree program,No,No,Yes,Yes,No,Yes,3,No,No,Yes,No,No,No,Yes,No,Woman,White/Caucasian,19-20
2024/09/19 10:58:08 AM AST,CMP 126 Computer Technology and Applications,No,Yes,Yes,Yes,Yes,Yes,No,No,No,Yes,Yes,No,No,No,No,No,No,High Impact,N/A,N/A,N/A,N/A,N/A,N/A,N/A,N/A,N/A,N/A,No,No,No,No,No,No,Yes,No,No,Yes,Yes,High Impact,High Impact,No Impact,No Impact,Some Impact,No Impact,Some Impact,No Impact,No Impact,Some Impact,Some Impact,Biology - Environmental Track,No,No,No,No,No,No,3,No,No,No,Yes,No,Yes,No,Yes,Man,Choose not to reply,19-20
2024/09/19 11:18:36 AM AST,CMP 101 Computer Information Literacy,Yes,No,No,No,No,No,No,No,No,No,No,No,No,No,No,No,Yes,No Impact,No Impact,No Impact,No Impact,No Impact,No Impact,No Impact,No Impact,No Impact,No Impact,No Impact,Yes,No,No,No,No,No,Yes,No,No,No,Yes,High Impact,Some Impact,High Impact,No Impact,No Impact,No Impact,Some Impact,Some Impact,No Impact,No Impact,No Impact,Nursing,No,No,No,Yes,No,No,3,No,Yes,Yes,No,Yes,Yes,Yes,No,Woman,Black/African American,18 and younger
2024/09/19 11:20:18 AM AST,CMP 126 Computer Technology and Applications,Yes,Yes,Yes,No,Yes,Yes,No,No,No,Yes,No,Yes,No,Yes,Yes,No,No,High Impact,No Impact,No Impact,No Impact,No Impact,No Impact,No Impact,Some Impact,No Impact,High Impact,Some Impact,Yes,No,No,No,Yes,Yes,Yes,No,Yes,No,Yes,High Impact,Some Impact,High Impact,High Impact,Some Impact,No Impact,High Impact,High Impact,High Impact,High Impact,High Impact,Liberal Arts,No,Yes,Yes,Yes,No,No,2,Yes,No,No,No,No,No,No,No,Woman,Hispanic or Latino;White/Caucasian,19-20
2024/09/19 11:40:21 AM AST,CMP 126 Computer Technology and Applications,Yes,Yes,No,No,No,No,No,No,No,No,Yes,Yes,No,No,No,No,Yes,No Impact,No Impact,No Impact,No Impact,No Impact,No Impact,No Impact,No Impact,No Impact,No Impact,No Impact,Yes,No,No,No,No,Yes,Yes,No,No,No,Yes,High Impact,High Impact,No Impact,N/A,No Impact,No Impact,Some Impact,No Impact,No Impact,No Impact,No Impact,Liberal Arts,No,No,No,No,No,No,2,No,No,No,No,No,No,No,No,Woman,White/Caucasian,19-20
2024/09/19 12:15:33 PM AST,CMP 126 Computer Technology and Applications,Yes,No,No,No,No,No,No,No,No,No,No,Yes,No,Yes,No,No,Yes,No Impact,No Impact,No Impact,No Impact,No Impact,No Impact,No Impact,No Impact,No Impact,No Impact,High Impact,No,No,No,No,No,No,Yes,No,No,No,Yes,High Impact,High Impact,High Impact,High Impact,No Impact,No Impact,No Impact,High Impact,No Impact,No Impact,No Impact,Communication,No,No,No,No,No,No,1,No,No,No,No,No,No,No,No,Woman,Choose not to reply,19-20
2024/09/19 12:35:00 PM AST,CMP 101 Computer Information Literacy,Yes,Yes,No,No,Yes,No,No,No,Yes,Yes,Yes,No,No,Yes,No,No,No,Some Impact,N/A,N/A,N/A,N/A,N/A,N/A,N/A,N/A,N/A,N/A,No,No,No,No,No,No,Yes,No,Yes,Yes,No,High Impact,High Impact,High Impact,High Impact,High Impact,High Impact,High Impact,Some Impact,Some Impact,High Impact,Some Impact,Child and Family Studies,No,No,No,Yes,No,No,1,No,No,No,No,No,No,No,No,Woman,White/Caucasian,21-24
2024/09/19 1:14:32 PM AST,CMP 135 Computer Concepts with Applications,Yes,Yes,Yes,No,No,No,No,No,No,Yes,Yes,No,No,No,No,No,No,Some Impact,N/A,N/A,N/A,N/A,N/A,N/A,N/A,N/A,Some Impact,No Impact,Yes,No,No,No,Yes,No,No,No,Yes,No,Yes,Some Impact,High Impact,High Impact,N/A,N/A,Some Impact,High Impact,N/A,N/A,N/A,N/A,Radiography,Yes,No,No,No,No,No,3,Yes,Yes,No,No,Yes,No,No,Yes,Woman,Hispanic or Latino,21-24
2024/09/19 2:00:30 PM AST,CMP 126 Computer Technology and Applications,Yes,Yes,No,No,No,No,No,No,No,Yes,Yes,Yes,No,Yes,No,No,No,No Impact,No Impact,No Impact,No Impact,No Impact,No Impact,No Impact,No Impact,No Impact,No Impact,No Impact,No,Yes,No,No,Yes,No,Yes,No,Yes,Yes,Yes,High Impact,High Impact,High Impact,No Impact,Some Impact,Some Impact,Some Impact,High Impact,No Impact,Some Impact,High Impact,Musical Theatre,No,No,No,Yes,No,No,2,No,No,No,No,No,No,Yes,No,Woman,White/Caucasian,19-20
2024/09/19 8:00:55 PM AST,CMP 101 Computer Information Literacy,Yes,No,No,No,Yes,No,No,No,No,Yes,Yes,Yes,No,Yes,No,No,No,No Impact,No Impact,No Impact,No Impact,No Impact,No Impact,No Impact,No Impact,No Impact,No Impact,No Impact,Yes,No,No,No,Yes,Yes,Yes,No,Yes,No,Yes,High Impact,High Impact,High Impact,High Impact,High Impact,N/A,N/A,N/A,N/A,N/A,N/A,Nursing,Don't recall,Don't recall,Don't recall,Don't recall,Don't recall,Don't recall,3,No,No,No,No,No,No,No,No,Woman,Hispanic or Latino,19-20
2024/09/19 8:41:25 PM AST,CMP 101 Computer Information Literacy,Yes,Yes,Yes,Yes,Yes,Yes,Yes,No,No,Yes,Yes,No,No,No,No,No,No,Some Impact,Some Impact,Some Impact,Some Impact,Some Impact,Some Impact,Some Impact,Some Impact,Some Impact,Some Impact,Some Impact,Yes,No,No,No,Yes,No,Yes,Yes,Yes,Yes,Yes,Some Impact,Some Impact,Some Impact,Some Impact,Some Impact,Some Impact,Some Impact,Some Impact,Some Impact,Some Impact,Some Impact,Liberal Arts,No,No,No,Yes,No,No,3,Yes,No,No,No,No,No,No,Yes,Man,White/Caucasian,35-64
2024/09/19 8:44:52 PM AST,CMP 101 Computer Information Literacy,No,No,No,No,No,No,No,No,No,No,No,No,No,No,No,No,No,Some Impact,Some Impact,Some Impact,Some Impact,Some Impact,Some Impact,Some Impact,Some Impact,Some Impact,Some Impact,Some Impact,Yes,No,No,No,No,No,No,Yes,Yes,Yes,Yes,Some Impact,Some Impact,Some Impact,Some Impact,Some Impact,Some Impact,Some Impact,Some Impact,Some Impact,Some Impact,Some Impact,Liberal Arts,No,No,No,No,No,No,3,No,No,No,No,No,No,No,Yes,Man,White/Caucasian,35-64
2024/09/19 8:59:39 PM AST,CMP 126 Computer Technology and Applications,Yes,No,No,No,No,No,No,No,No,No,No,Yes,No,No,No,No,No,N/A,N/A,N/A,N/A,N/A,N/A,N/A,N/A,N/A,N/A,N/A,No,No,No,No,No,No,Yes,No,No,No,Yes,High Impact,High Impact,N/A,Some Impact,Some Impact,N/A,Some Impact,No Impact,No Impact,No Impact,No Impact,Liberal Arts,No,No,No,No,No,No,3,No,Yes,No,No,No,No,No,No,Woman,Hispanic or Latino,19-20
2024/09/19 9:13:35 PM AST,CMP 126 Computer Technology and Applications,Yes,Yes,Yes,No,Yes,No,No,No,No,Yes,No,No,No,No,No,No,No,No Impact,No Impact,No Impact,No Impact,No Impact,No Impact,No Impact,No Impact,No Impact,No Impact,No Impact,Yes,Yes,No,No,No,No,Yes,No,Yes,No,Yes,High Impact,High Impact,High Impact,High Impact,No Impact,No Impact,Some Impact,High Impact,No Impact,High Impact,No Impact,Early Childhood Education,No,No,No,No,No,Yes,4,Yes,Yes,Yes,No,Yes,No,No,No,Woman,Hispanic or Latino,25-34
2024/09/19 9:53:02 PM AST,CMP 126 Computer Technology and Applications,Yes,Yes,Yes,No,Yes,No,No,No,No,Yes,No,No,No,No,Yes,No,No,No Impact,No Impact,No Impact,No Impact,No Impact,No Impact,No Impact,No Impact,No Impact,No Impact,No Impact,Yes,No,No,No,Yes,No,No,No,No,No,No,High Impact,High Impact,High Impact,High Impact,No Impact,No Impact,Some Impact,No Impact,Some Impact,No Impact,No Impact,Child and Family Studies,No,Yes,Yes,Yes,No,No,2,No,No,No,No,No,No,No,No,Woman,White/Caucasian,35-64
2024/09/19 9:54:19 PM AST,CMP 126 Computer Technology and Applications,Yes,No,No,Yes,Yes,No,No,No,No,No,No,No,No,No,No,No,No,No Impact,No Impact,No Impact,No Impact,No Impact,No Impact,No Impact,No Impact,No Impact,No Impact,High Impact,No,No,No,No,No,No,No,No,No,No,Yes,High Impact,High Impact,No Impact,High Impact,No Impact,No Impact,No Impact,No Impact,No Impact,No Impact,No Impact,Fire Science ,No,No,No,No,No,Don't recall,2,No,No,No,No,No,No,No,No,Man,White/Caucasian,21-24
2024/09/19 10:34:09 PM AST,CMP 126 Computer Technology and Applications,Yes,Yes,Yes,No,Yes,Yes,Yes,Yes,Yes,Yes,Yes,No,No,No,No,No,No,Some Impact,Some Impact,Some Impact,No Impact,Some Impact,Some Impact,Some Impact,No Impact,No Impact,No Impact,High Impact,No,No,No,No,No,No,Yes,No,No,No,Yes,High Impact,High Impact,High Impact,High Impact,High Impact,Some Impact,Some Impact,Some Impact,High Impact,No Impact,High Impact,Criminal Justice,Yes,Yes,Yes,Yes,Yes,Don't recall,3,No,Yes,No,No,No,No,Yes,Yes,Man,White/Caucasian,19-20
2024/09/19 10:34:24 PM AST,CMP 126 Computer Technology and Applications,Yes,No,No,No,No,No,No,No,No,No,No,No,No,No,No,No,No,No Impact,No Impact,No Impact,No Impact,No Impact,No Impact,No Impact,No Impact,No Impact,No Impact,No Impact,Yes,No,No,No,Yes,No,Yes,Yes,Yes,Yes,Yes,High Impact,High Impact,High Impact,High Impact,High Impact,High Impact,High Impact,High Impact,High Impact,High Impact,High Impact,Child and Family Studies,No,Don't recall,Don't recall,No,No,No,1,No,No,No,No,No,No,No,No,Woman,White/Caucasian,19-20
2024/09/20 8:24:27 AM AST,CMP 126 Computer Technology and Applications,Yes,No,Yes,No,Yes,No,No,No,No,No,No,No,No,No,No,No,No,No Impact,N/A,No Impact,No Impact,No Impact,No Impact,No Impact,N/A,No Impact,N/A,No Impact,Yes,No,No,No,No,No,Yes,No,Yes,Yes,Yes,High Impact,High Impact,High Impact,High Impact,High Impact,High Impact,High Impact,High Impact,No Impact,High Impact,High Impact,Child and Family Studies,Yes,Yes,Yes,Yes,No,No,1,No,No,No,No,No,No,No,No,Woman,Hispanic or Latino,19-20
2024/09/20 3:12:26 PM AST,CMP 126 Computer Technology and Applications,Yes,No,No,No,No,No,No,No,No,No,No,Yes,No,No,No,No,No,N/A,N/A,N/A,N/A,N/A,N/A,N/A,N/A,N/A,N/A,N/A,Yes,No,No,No,No,No,No,No,No,No,No,High Impact,High Impact,N/A,N/A,N/A,N/A,N/A,N/A,N/A,N/A,N/A,Liberal Arts,No,No,No,Yes,No,No,3,No,Yes,No,Yes,Yes,No,No,No,Woman,Choose not to reply,35-64
2024/09/20 8:42:54 PM AST,CMP 126 Computer Technology and Applications,Yes,Yes,Yes,Yes,Yes,Yes,Yes,Yes,Yes,Yes,Yes,No,No,No,No,No,No,N/A,N/A,N/A,N/A,N/A,N/A,N/A,N/A,N/A,N/A,N/A,No,No,No,No,Yes,No,Yes,Yes,Yes,No,No,High Impact,High Impact,High Impact,High Impact,N/A,N/A,High Impact,N/A,N/A,N/A,N/A,Nursing,Don't recall,Don't recall,Yes,Yes,Yes,Don't recall,5,Yes,Yes,Yes,Yes,Yes,Yes,No,Yes,Woman,White/Caucasian,25-34
2024/09/20 10:55:34 PM AST,CMP 101 Computer Information Literacy,Yes,Yes,Yes,Yes,No,No,No,No,No,No,Yes,No,No,No,No,No,No,Some Impact,Some Impact,No Impact,No Impact,Some Impact,Some Impact,High Impact,Some Impact,Some Impact,High Impact,No Impact,No,No,No,No,No,No,Yes,No,No,No,No,High Impact,High Impact,High Impact,High Impact,High Impact,High Impact,High Impact,High Impact,High Impact,High Impact,High Impact,Early Childhood Education,Don't recall,Don't recall,Don't recall,Don't recall,Don't recall,Don't recall,3,No,Yes,No,No,No,Yes,Yes,No,Woman,Hispanic or Latino;White/Caucasian,21-24
2024/09/20 11:02:45 PM AST,CMP 126 Computer Technology and Applications,Yes,Yes,Yes,No,Yes,Yes,No,No,No,Yes,Yes,Yes,No,No,No,No,No,No Impact,Some Impact,No Impact,No Impact,No Impact,No Impact,No Impact,Some Impact,Some Impact,Some Impact,Some Impact,No,No,No,No,No,No,Yes,No,Yes,Yes,No,High Impact,High Impact,High Impact,High Impact,High Impact,High Impact,Some Impact,High Impact,High Impact,High Impact,Some Impact,Liberal Arts,Don't recall,Don't recall,Don't recall,Don't recall,Don't recall,Don't recall,3,Yes,Yes,Yes,No,No,No,No,No,Woman,Hispanic or Latino,19-20
2024/09/20 11:07:16 PM AST,CMP 126 Computer Technology and Applications,Yes,No,No,No,Yes,No,No,No,No,No,No,Yes,No,Yes,No,No,No,No Impact,No Impact,No Impact,No Impact,No Impact,No Impact,No Impact,No Impact,No Impact,No Impact,No Impact,No,No,No,No,No,Yes,Yes,No,No,No,No,High Impact,High Impact,High Impact,High Impact,No Impact,No Impact,No Impact,Some Impact,No Impact,No Impact,Some Impact,Liberal Arts,No,No,No,No,No,No,1,No,No,No,No,Yes,No,Yes,No,Woman,Black/African American,19-20
2024/09/21 5:06:23 PM AST,CMP 101 Computer Information Literacy,No,Yes,No,No,No,No,No,No,No,No,Yes,No,No,No,No,No,No,High Impact,Some Impact,Some Impact,No Impact,No Impact,No Impact,No Impact,Some Impact,No Impact,No Impact,No Impact,Yes,No,No,No,No,Yes,Yes,No,Yes,No,Yes,High Impact,High Impact,High Impact,High Impact,No Impact,No Impact,Some Impact,Some Impact,Some Impact,No Impact,No Impact,Nursing,No,No,No,No,No,No,3,No,No,No,No,No,No,No,No,Man,Hispanic or Latino,19-20
2024/09/22 10:08:19 PM AST,CMP 126 Computer Technology and Applications,Yes,Yes,Yes,No,Yes,No,No,No,No,Yes,Yes,No,No,No,Yes,No,No,Some Impact,Some Impact,No Impact,No Impact,No Impact,No Impact,No Impact,No Impact,No Impact,No Impact,No Impact,Yes,No,No,No,Yes,No,Yes,Yes,Yes,No,No,High Impact,High Impact,Some Impact,Some Impact,High Impact,High Impact,High Impact,Some Impact,Some Impact,High Impact,Some Impact,Child and Family Studies,No,No,No,Yes,No,No,5,No,No,No,No,Yes,No,No,Yes,Woman,Asian,21-24
